<?xml version='1.0' encoding='UTF-8'?><?xml-stylesheet href="http://www.blogger.com/styles/atom.css" type="text/css"?><feed xmlns='http://www.w3.org/2005/Atom' xmlns:openSearch='http://a9.com/-/spec/opensearchrss/1.0/' xmlns:blogger='http://schemas.google.com/blogger/2008' xmlns:georss='http://www.georss.org/georss' xmlns:gd="http://schemas.google.com/g/2005" xmlns:thr='http://purl.org/syndication/thread/1.0'><id>tag:blogger.com,1999:blog-8847040826697857950</id><updated>2022-03-25T21:11:18.018+07:00</updated><category term="Template"/><category term="Blogger"/><category term="Travel"/><category term="Hotel"/><title type='text'>Blanter Landing Page</title><subtitle type='html'>Tingkatkan Strategi Bisnis Anda, naikan penjualan produk dengan menggunakan template Blanter Landing Page dan berikan kesan bahwa bisnis Anda professional.</subtitle><link rel='http://schemas.google.com/g/2005#feed' type='application/atom+xml' href='https://blanterlanding.blogspot.com/feeds/posts/default'/><link rel='self' type='application/atom+xml' href='https://www.blogger.com/feeds/8847040826697857950/posts/default?alt=atom&amp;max-results=500&amp;redirect=false'/><link rel='alternate' type='text/html' href='https://blanterlanding.blogspot.com/'/><link rel='hub' href='http://pubsubhubbub.appspot.com/'/><author><name>Rio Blanter</name><uri>http://www.blogger.com/profile/07716419316233571850</uri><email>noreply@blogger.com</email><gd:image rel='http://schemas.google.com/g/2005#thumbnail' width='32' height='32' src='//4.bp.blogspot.com/-bmIoyVjJz_k/XQt9ZmfsnbI/AAAAAAAAAqg/BB-oUqMhVvMiePCsP2xbDTUpBhGhU1WHgCK4BGAYYCw/s220/Yo%2BUser%2BVector.png'/></author><generator version='7.00' uri='http://www.blogger.com'>Blogger</generator><openSearch:totalResults>9</openSearch:totalResults><openSearch:startIndex>1</openSearch:startIndex><openSearch:itemsPerPage>500</openSearch:itemsPerPage><entry><id>tag:blogger.com,1999:blog-8847040826697857950.post-3062514054852038271</id><published>2020-01-27T20:07:00.001+07:00</published><updated>2020-01-29T22:08:54.207+07:00</updated><category scheme="http://www.blogger.com/atom/ns#" term="Blogger"/><category scheme="http://www.blogger.com/atom/ns#" term="Template"/><title type='text'>Template Landing Page Terbaik Untuk Personal dan Bisnis</title><content type='html'>&lt;div class=&quot;separator&quot; style=&quot;clear: both; text-align: center;&quot;&gt;&lt;a href=&quot;https://1.bp.blogspot.com/-LY1Xmn3PIYQ/Xi7gWEunaRI/AAAAAAAABOw/BhCW_kT3-3cHV347L7bGN2IWttnYZ3_2ACLcBGAsYHQ/s1600/Future%2BDrone.jpg&quot; imageanchor=&quot;1&quot; style=&quot;margin-left: 1em; margin-right: 1em;&quot;&gt;&lt;img alt=&quot;Template Landing Page Terbaik Untuk Personal dan Bisnis&quot; border=&quot;0&quot; data-original-height=&quot;470&quot; data-original-width=&quot;660&quot; height=&quot;454&quot; src=&quot;https://1.bp.blogspot.com/-LY1Xmn3PIYQ/Xi7gWEunaRI/AAAAAAAABOw/BhCW_kT3-3cHV347L7bGN2IWttnYZ3_2ACLcBGAsYHQ/s640/Future%2BDrone.jpg&quot; title=&quot;Template Landing Page Terbaik Untuk Personal dan Bisnis&quot; width=&quot;640&quot; /&gt;&lt;/a&gt;&lt;/div&gt;&lt;div style=&quot;text-align: center;&quot;&gt;&lt;br /&gt;&lt;/div&gt;Donec consequat eros sed rutrum dapibus. Suspendisse potenti. Phasellus vel maximus turpis, et gravida nibh. Nam suscipit odio vel mi malesuada congue. Morbi eget felis pharetra, aliquet purus nec, elementum velit. Duis ullamcorper tincidunt libero. Maecenas dictum nisi ex. Phasellus magna arcu, ornare ut placerat id, vulputate id est.&lt;br /&gt;&lt;br /&gt;&lt;blockquote class=&quot;tr_bq&quot;&gt;“It’s not about ideas. It’s about making ideas happen.”&lt;/blockquote&gt;&lt;br /&gt;&lt;h3&gt;Donec placerat id arcu nec malesuada&lt;/h3&gt;&lt;br /&gt;Sed eu nisi dignissim tortor consequat rutrum. Interdum et malesuada fames ac ante ipsum primis in faucibus. Integer risus lectus, fringilla a mi quis, consectetur venenatis orci. Suspendisse potenti. Cras arcu tellus, dapibus at convallis nec, venenatis non mauris.&lt;br /&gt;&lt;br /&gt;&lt;h3&gt;Donec suscipit diam ex&lt;/h3&gt;&lt;ul&gt;&lt;li&gt;Molestie ipsum pellentesque molestie.&amp;nbsp;&lt;/li&gt;&lt;li&gt;Curabitur vitae iaculis leo, vel faucibus enim.&amp;nbsp;&lt;/li&gt;&lt;li&gt;Sed vel leo laoreet, gravida sapien a, suscipit erat.&amp;nbsp;&lt;/li&gt;&lt;li&gt;Mauris quis nunc ac nibh tempor accumsan at ut ligula.&amp;nbsp;&lt;/li&gt;&lt;/ul&gt;&lt;div&gt;&lt;br /&gt;&lt;/div&gt;&lt;h3&gt;Donec suscipit diam ex&lt;/h3&gt;&lt;ol&gt;&lt;li&gt;Molestie ipsum pellentesque molestie.&amp;nbsp;&lt;/li&gt;&lt;li&gt;Curabitur vitae iaculis leo, vel faucibus enim.&amp;nbsp;&lt;/li&gt;&lt;li&gt;Sed vel leo laoreet, gravida sapien a, suscipit erat.&amp;nbsp;&lt;/li&gt;&lt;li&gt;Mauris quis nunc ac nibh tempor accumsan at ut ligula.&amp;nbsp;&lt;/li&gt;&lt;/ol&gt;&lt;br /&gt;&lt;div style=&quot;text-align: center;&quot;&gt;&lt;a class=&quot;button bt-blue&quot; href=&quot;javascript:void&quot; title=&quot;Button&quot;&gt;Button&lt;/a&gt;&lt;a class=&quot;button bt-green&quot; href=&quot;javascript:void&quot; title=&quot;Button&quot;&gt;Button&lt;/a&gt;&lt;a class=&quot;button bt-orange&quot; href=&quot;javascript:void&quot; title=&quot;Button&quot;&gt;Button&lt;/a&gt;&lt;a class=&quot;button bt-red&quot; href=&quot;javascript:void&quot; title=&quot;Button&quot;&gt;Button&lt;/a&gt;&lt;a class=&quot;button bt-purple&quot; href=&quot;javascript:void&quot; title=&quot;Button&quot;&gt;Button&lt;/a&gt;&lt;/div&gt;&lt;br /&gt;Suspendisse at neque in ipsum auctor consequat. Curabitur non diam ut elit sagittis rutrum eget at magna. In sagittis vehicula lorem eget faucibus. Etiam eu venenatis sapien. Vestibulum laoreet eu eros at molestie. Nunc mattis tortor metus, eu vestibulum metus lobortis a. Ut quis magna eu purus rutrum rutrum. Aenean venenatis mauris eu tortor pellentesque tempor.&lt;br /&gt;&lt;br /&gt;&lt;table align=&quot;center&quot; cellpadding=&quot;0&quot; cellspacing=&quot;0&quot; class=&quot;tr-caption-container&quot; style=&quot;margin-left: auto; margin-right: auto; text-align: center;&quot;&gt;&lt;tbody&gt;&lt;tr&gt;&lt;td style=&quot;text-align: center;&quot;&gt;&lt;a href=&quot;https://1.bp.blogspot.com/-AoS-l2A2WDQ/XjGEyAek2zI/AAAAAAAABSM/m0j7QvrzKWsWIpNRPpo7xfeB9TRdNxZ3gCLcBGAsYHQ/s1600/Lombok-min.jpg&quot; imageanchor=&quot;1&quot; style=&quot;margin-left: auto; margin-right: auto;&quot;&gt;&lt;img alt=&quot;Personal dan Bisnis&quot; border=&quot;0&quot; data-original-height=&quot;500&quot; data-original-width=&quot;749&quot; height=&quot;426&quot; src=&quot;https://1.bp.blogspot.com/-AoS-l2A2WDQ/XjGEyAek2zI/AAAAAAAABSM/m0j7QvrzKWsWIpNRPpo7xfeB9TRdNxZ3gCLcBGAsYHQ/s640/Lombok-min.jpg&quot; title=&quot; Personal dan Bisnis&quot; width=&quot;640&quot;/&gt;&lt;/a&gt;&lt;/td&gt;&lt;/tr&gt;&lt;tr&gt;&lt;td class=&quot;tr-caption&quot; style=&quot;text-align: center;&quot;&gt;&lt;b&gt;Image Caption&lt;/b&gt;&lt;/td&gt;&lt;/tr&gt;&lt;/tbody&gt;&lt;/table&gt;&lt;div style=&quot;text-align: left;&quot;&gt;&lt;br /&gt;&lt;/div&gt;“It’s about” is a way to highlight the importance of something. For example, “It’s about doing a good job” means what’s important is to do a good job.&lt;br /&gt;&lt;br /&gt;&lt;div style=&quot;text-align: center;&quot;&gt;&lt;a class=&quot;button show-form bt-blue&quot; href=&quot;javascript:void&quot; title=&quot;Pesan Sekarang&quot;&gt;Pesan Sekarang&lt;/a&gt;&lt;a class=&quot;button&quot; href=&quot;https://blanterlanding.blogspot.com/&quot; title=&quot;Live Preview&quot;&gt;Live Preview&lt;/a&gt;&lt;/div&gt;&lt;br /&gt;“Make it happen” is an expression that means to get things done or to do the work. For example, “If you want to get a promotion, then just make it happen” means if getting a promotion is your goal, then you must work now to get a promotion.&lt;br /&gt;&lt;br /&gt;The full quote means that ideas themselves are not important. The important thing is that you take action so that the ideas actually come true.&lt;br /&gt;&lt;br /&gt;&lt;div style=&quot;text-align: center;&quot;&gt;&lt;div class=&quot;media&quot;&gt;&lt;iframe allow=&quot;accelerometer; autoplay; encrypted-media; gyroscope; picture-in-picture&quot; allowfullscreen=&quot;&quot; data-src=&quot;https://www.youtube.com/embed/Qj6hAxeTiLw&quot; title=&quot;Videos&quot;&gt;&lt;/iframe&gt;&lt;/div&gt;&lt;/div&gt;&lt;div style=&quot;text-align: center;&quot;&gt;&lt;br /&gt;&lt;/div&gt;&lt;div style=&quot;text-align: left;&quot;&gt;&lt;table cellpadding=&quot;0&quot; cellspacing=&quot;0&quot;&gt;&lt;tbody&gt;&lt;tr&gt;&lt;th&gt;Features&lt;/th&gt;&lt;th&gt;Availability&lt;/th&gt;&lt;/tr&gt;&lt;tr&gt;&lt;td&gt;&lt;b&gt;Responsive Design&lt;/b&gt; (&lt;i&gt;Ringan dan Elegan&lt;/i&gt;)&amp;nbsp;&lt;/td&gt;&lt;td&gt;True&lt;/td&gt;&lt;/tr&gt;&lt;tr&gt;&lt;td&gt;&lt;b&gt;Fast Load&lt;/b&gt; (&lt;i&gt;Tanpa mengorbankan desain&lt;/i&gt;)&lt;/td&gt;&lt;td&gt;True&lt;/td&gt;&lt;/tr&gt;&lt;tr&gt;&lt;td&gt;Recent Post Grid&lt;/td&gt;&lt;td&gt;True&lt;/td&gt;&lt;/tr&gt;&lt;tr&gt;&lt;td&gt;Infinite Scroll On Click&lt;/td&gt;&lt;td&gt;True&lt;/td&gt;&lt;/tr&gt;&lt;tr&gt;&lt;td&gt;Google Testing Tool Validator&lt;/td&gt;&lt;td&gt;True &lt;a href=&quot;https://developers.google.com/structured-data/testing-tool?url=https://blanterlanding.blogspot.com&quot; rel=&quot;noopener&quot; target=&quot;_blank&quot;&gt;Cek&lt;/a&gt;&lt;/td&gt;&lt;/tr&gt;&lt;tr&gt;&lt;td&gt;Mobile Friendly&lt;/td&gt;&lt;td&gt;True &lt;a href=&quot;https://www.google.com/webmasters/tools/mobile-friendly/?url=https://blanterlanding.blogspot.com&quot; rel=&quot;noopener&quot; target=&quot;_blank&quot;&gt;Cek&lt;/a&gt;&lt;/td&gt;&lt;/tr&gt;&lt;tr&gt;&lt;td&gt;SEO Optimization&lt;/td&gt;&lt;td&gt;True&lt;/td&gt;&lt;/tr&gt;&lt;/tbody&gt;&lt;/table&gt;&lt;/div&gt;&lt;div style=&quot;text-align: left;&quot;&gt;&lt;br /&gt;&lt;/div&gt;&lt;div style=&quot;text-align: left;&quot;&gt;&lt;br /&gt;&lt;/div&gt;&lt;div style=&quot;text-align: left;&quot;&gt;Donec volutpat sit amet ex vel varius. Quisque commodo tempus enim, et consectetur metus dignissim non.&lt;/div&gt;</content><link rel='replies' type='application/atom+xml' href='https://blanterlanding.blogspot.com/feeds/3062514054852038271/comments/default' title='Posting Komentar'/><link rel='replies' type='text/html' href='https://blanterlanding.blogspot.com/2020/01/template-landing-page-terbaik-untuk.html#comment-form' title='14 Komentar'/><link rel='edit' type='application/atom+xml' href='https://www.blogger.com/feeds/8847040826697857950/posts/default/3062514054852038271'/><link rel='self' type='application/atom+xml' href='https://www.blogger.com/feeds/8847040826697857950/posts/default/3062514054852038271'/><link rel='alternate' type='text/html' href='https://blanterlanding.blogspot.com/2020/01/template-landing-page-terbaik-untuk.html' title='Template Landing Page Terbaik Untuk Personal dan Bisnis'/><author><name>Rio Blanter</name><uri>http://www.blogger.com/profile/07716419316233571850</uri><email>noreply@blogger.com</email><gd:image rel='http://schemas.google.com/g/2005#thumbnail' width='32' height='32' src='//4.bp.blogspot.com/-bmIoyVjJz_k/XQt9ZmfsnbI/AAAAAAAAAqg/BB-oUqMhVvMiePCsP2xbDTUpBhGhU1WHgCK4BGAYYCw/s220/Yo%2BUser%2BVector.png'/></author><media:thumbnail xmlns:media="http://search.yahoo.com/mrss/" url="https://1.bp.blogspot.com/-LY1Xmn3PIYQ/Xi7gWEunaRI/AAAAAAAABOw/BhCW_kT3-3cHV347L7bGN2IWttnYZ3_2ACLcBGAsYHQ/s72-c/Future%2BDrone.jpg" height="72" width="72"/><thr:total>14</thr:total></entry><entry><id>tag:blogger.com,1999:blog-8847040826697857950.post-7632548022177644463</id><published>2020-01-27T20:04:00.006+07:00</published><updated>2020-01-29T20:53:25.478+07:00</updated><category scheme="http://www.blogger.com/atom/ns#" term="Blogger"/><category scheme="http://www.blogger.com/atom/ns#" term="Template"/><title type='text'>Template Blogger Toko Online Terbaik Untuk UMKM</title><content type='html'>&lt;div class=&quot;separator&quot; style=&quot;clear: both; text-align: center;&quot;&gt;&lt;a href=&quot;https://1.bp.blogspot.com/-wU4lbulR_r8/Xi7fZK5wf2I/AAAAAAAABOg/8JRhE6ZHLLoBAz_DcLfBjVWEoL-8O14jQCLcBGAsYHQ/s1600/Fuchsia%2BOS%2Bin%2BPixelbook.png&quot; imageanchor=&quot;1&quot; style=&quot;margin-left: 1em; margin-right: 1em;&quot;&gt;&lt;img alt=&quot;Template Blogger Toko Online Terbaik Untuk UMKM dengan Keranjang Belanja&quot; border=&quot;0&quot; data-original-height=&quot;492&quot; data-original-width=&quot;763&quot; height=&quot;412&quot; src=&quot;https://1.bp.blogspot.com/-wU4lbulR_r8/Xi7fZK5wf2I/AAAAAAAABOg/8JRhE6ZHLLoBAz_DcLfBjVWEoL-8O14jQCLcBGAsYHQ/s640/Fuchsia%2BOS%2Bin%2BPixelbook.png&quot; title=&quot;Template Blogger Toko Online Terbaik Untuk UMKM dengan Keranjang Belanja&quot; width=&quot;640&quot; /&gt;&lt;/a&gt;&lt;/div&gt;&lt;div style=&quot;text-align: center;&quot;&gt;&lt;br /&gt;&lt;/div&gt;&lt;div style=&quot;text-align: left;&quot;&gt;Cuma bisa pakai blogspot, tidak punya dana untuk menyewa hosting maupun wordpress, sobat tidak perlu khawatir, dengan template ini fitur-fitur professional dari website toko online bisa sobat miliki.Ada juga fitur wishlist yang membuat calon pembeli dapat menyimpan produk yang tertarik untuk mereka beli. Wishlist ini menggunakan fitur Local storage, jadi produk yang di simpan akan tersimpan juga pada cache browser.&lt;/div&gt;&lt;div style=&quot;text-align: left;&quot;&gt;&lt;br /&gt;&lt;/div&gt;idak perlu khawatir cara menambahkan produk, karena panduan lengkap sudah terdapat pada file, dan juga tersedia video panduan dalam menambahkan produk.&lt;br /&gt;&lt;br /&gt;Template ini juga memiliki fitur status produk, Anda bisa menambahkan status produk seperti &quot;Terlaris&quot;, &quot;Promo&quot;, bahkan jika produk Anda sudah habis, maka Anda bisa menambahkan status &quot;Stok Habis&quot;. Jika stok habis, maka formulir pemesanan akan terkunci. Anda tidak perlu menghapus produk jika stok sudah habis.&lt;br /&gt;&lt;br /&gt;Template ini sudah dilengkapi dengan Schema markup khusus untuk toko online, dan sudah benar-benar sukses 100%, semua schema markup sudah terpasang pada template ini, yang mempermudah mesin pencari untuk memasukan produk Anda di Google.&lt;br /&gt;&lt;br /&gt;&lt;div style=&quot;text-align: center;&quot;&gt;&lt;a class=&quot;button&quot; href=&quot;https://blantertokoshop.blogspot.com/&quot; rel=&quot;noopener&quot; target=&quot;_blank&quot;&gt;Live Preview&lt;/a&gt;&lt;a class=&quot;button&quot; href=&quot;https://www.blantertheme.com/2019/10/blanter-tokoshop.html&quot; rel=&quot;noopener&quot; target=&quot;_blank&quot;&gt;Download&lt;/a&gt;&lt;/div&gt;&lt;div style=&quot;text-align: center;&quot;&gt;&lt;br /&gt;&lt;/div&gt;&lt;table align=&quot;center&quot; cellpadding=&quot;0&quot; cellspacing=&quot;0&quot; class=&quot;tr-caption-container&quot; style=&quot;margin-left: auto; margin-right: auto; text-align: center;&quot;&gt;&lt;tbody&gt;&lt;tr&gt;&lt;td style=&quot;text-align: center;&quot;&gt;&lt;a href=&quot;https://1.bp.blogspot.com/-Yk4TEicsQ9c/Xi7frifriiI/AAAAAAAABOo/x7zHkGodiZwsl4cTr_1nqs85klY_JvrVACLcBGAsYHQ/s1600/Insta%2BUpdate%2B2019.png&quot; imageanchor=&quot;1&quot; style=&quot;margin-left: auto; margin-right: auto;&quot;&gt;&lt;img alt=&quot;Template Blogger Toko Online Terbaik Untuk UMKM dengan Keranjang Belanja&quot; border=&quot;0&quot; data-original-height=&quot;700&quot; data-original-width=&quot;1100&quot; height=&quot;406&quot; src=&quot;https://1.bp.blogspot.com/-Yk4TEicsQ9c/Xi7frifriiI/AAAAAAAABOo/x7zHkGodiZwsl4cTr_1nqs85klY_JvrVACLcBGAsYHQ/s640/Insta%2BUpdate%2B2019.png&quot; title=&quot;Template Blogger Toko Online Terbaik Untuk UMKM dengan Keranjang Belanja&quot; width=&quot;640&quot; /&gt;&lt;/a&gt;&lt;/td&gt;&lt;/tr&gt;&lt;tr&gt;&lt;td class=&quot;tr-caption&quot; style=&quot;text-align: center;&quot;&gt;&lt;b&gt;Blanter Tokoshop&lt;/b&gt;&lt;/td&gt;&lt;/tr&gt;&lt;/tbody&gt;&lt;/table&gt;&lt;div style=&quot;text-align: center;&quot;&gt;&lt;br /&gt;&lt;/div&gt;Mauris suscipit hendrerit justo, non facilisis arcu vulputate et. Vestibulum efficitur sollicitudin nisl in imperdiet. Donec accumsan dolor eget rutrum porta. Donec vel bibendum urna. Sed enim eros, accumsan eu tempus eu, porta in eros. Sed ut dignissim nunc, vitae interdum mi. Curabitur convallis metus varius nunc sollicitudin suscipit. Morbi posuere viverra libero eu faucibus. Nunc risus nunc, lacinia eu vestibulum vitae, egestas non felis. Duis euismod, est eu aliquet semper, erat purus tempus lacus, sed semper mauris libero eget magna. Donec egestas malesuada sem. Nulla mauris libero, viverra nec justo quis, sodales euismod turpis. Integer ante orci, dignissim in justo eget, posuere blandit dolor. Nulla diam mauris, condimentum ac sagittis eu, blandit blandit libero. Sed scelerisque mauris quis arcu iaculis dictum. Phasellus ut massa vitae metus placerat egestas.&lt;br /&gt;&lt;br /&gt;Curabitur auctor ornare velit elementum venenatis. Ut porttitor felis massa, at hendrerit ex gravida a. Sed euismod lorem quis consequat congue. Vestibulum auctor elementum elit, ac mattis diam vehicula congue. In diam tellus, dignissim ac luctus ac, tincidunt non sapien. Pellentesque in odio aliquet, ullamcorper sem eu, interdum tellus. Donec elementum nibh risus, ut condimentum purus pulvinar at. Nam at scelerisque ex. Donec scelerisque auctor tortor.</content><link rel='replies' type='application/atom+xml' href='https://blanterlanding.blogspot.com/feeds/7632548022177644463/comments/default' title='Posting Komentar'/><link rel='replies' type='text/html' href='https://blanterlanding.blogspot.com/2020/01/template-blogger-toko-online-terbaik.html#comment-form' title='2 Komentar'/><link rel='edit' type='application/atom+xml' href='https://www.blogger.com/feeds/8847040826697857950/posts/default/7632548022177644463'/><link rel='self' type='application/atom+xml' href='https://www.blogger.com/feeds/8847040826697857950/posts/default/7632548022177644463'/><link rel='alternate' type='text/html' href='https://blanterlanding.blogspot.com/2020/01/template-blogger-toko-online-terbaik.html' title='Template Blogger Toko Online Terbaik Untuk UMKM'/><author><name>Rio Blanter</name><uri>http://www.blogger.com/profile/07716419316233571850</uri><email>noreply@blogger.com</email><gd:image rel='http://schemas.google.com/g/2005#thumbnail' width='32' height='32' src='//4.bp.blogspot.com/-bmIoyVjJz_k/XQt9ZmfsnbI/AAAAAAAAAqg/BB-oUqMhVvMiePCsP2xbDTUpBhGhU1WHgCK4BGAYYCw/s220/Yo%2BUser%2BVector.png'/></author><media:thumbnail xmlns:media="http://search.yahoo.com/mrss/" url="https://1.bp.blogspot.com/-wU4lbulR_r8/Xi7fZK5wf2I/AAAAAAAABOg/8JRhE6ZHLLoBAz_DcLfBjVWEoL-8O14jQCLcBGAsYHQ/s72-c/Fuchsia%2BOS%2Bin%2BPixelbook.png" height="72" width="72"/><thr:total>2</thr:total></entry><entry><id>tag:blogger.com,1999:blog-8847040826697857950.post-2333495895407838807</id><published>2020-01-27T19:59:00.002+07:00</published><updated>2020-01-27T20:05:17.045+07:00</updated><category scheme="http://www.blogger.com/atom/ns#" term="Blogger"/><category scheme="http://www.blogger.com/atom/ns#" term="Template"/><title type='text'>Template Blogger Untuk Penulis Terbaik dengan Tampilan Menarik</title><content type='html'>&lt;div class=&quot;separator&quot; style=&quot;clear: both; text-align: center;&quot;&gt;&lt;a href=&quot;https://1.bp.blogspot.com/-B3J2YCy45-c/Xi7eH4ktxdI/AAAAAAAABOQ/pnBjegYaau0HKJRim3ChyQ8G2SP5PeFDQCLcBGAsYHQ/s1600/samsung%2Bgalaxy%2Bs8%2Bplus.jpg&quot; imageanchor=&quot;1&quot; style=&quot;margin-left: 1em; margin-right: 1em;&quot;&gt;&lt;img alt=&quot;Template Blogger Untuk Penulis Terbaik dengan Tampilan Menarik&quot; border=&quot;0&quot; data-original-height=&quot;750&quot; data-original-width=&quot;1125&quot; height=&quot;426&quot; src=&quot;https://1.bp.blogspot.com/-B3J2YCy45-c/Xi7eH4ktxdI/AAAAAAAABOQ/pnBjegYaau0HKJRim3ChyQ8G2SP5PeFDQCLcBGAsYHQ/s640/samsung%2Bgalaxy%2Bs8%2Bplus.jpg&quot; title=&quot;Template Blogger Untuk Penulis Terbaik dengan Tampilan Menarik&quot; width=&quot;640&quot; /&gt;&lt;/a&gt;&lt;/div&gt;&lt;div style=&quot;text-align: center;&quot;&gt;&lt;br /&gt;&lt;/div&gt;&lt;b&gt;Masign Asuka&lt;/b&gt; adalah template Premium terbaik yang saat ini dimiliki oleh Dunia Blanter yaitu sebuah situs design template blogger yang sangat direkomendasikan.&lt;br /&gt;&lt;br /&gt;Fitur andalan dari template ini adalah Material Design ala Google dan juga Dark Mode. Saat ini masih sangat jarang template yang menggunakan model material design Google ini, dan juga fitur Dark Mode masih sangat jarang ditemukan.&lt;br /&gt;&lt;br /&gt;Perlu blog dengan kecepatan loading yang ringan? Template ini sangat cocok, bukan hanya design, kami juga mengutamakan kecepatan yang ringan dengan speed 2-3 detik saja, sangat cocok untuk Smartphone.&lt;br /&gt;&lt;br /&gt;&lt;div style=&quot;text-align: center;&quot;&gt;&lt;a class=&quot;button&quot; href=&quot;https://masignasuka.blogspot.com/&quot; target=&quot;_blank&quot;&gt;Live Preview&lt;/a&gt;&lt;a class=&quot;button&quot; href=&quot;https://www.blantertheme.com/2019/10/masign-asuka.html&quot; target=&quot;_blank&quot;&gt;Download&lt;/a&gt;&lt;/div&gt;&lt;div style=&quot;text-align: center;&quot;&gt;&lt;br /&gt;&lt;/div&gt;&lt;table align=&quot;center&quot; cellpadding=&quot;0&quot; cellspacing=&quot;0&quot; class=&quot;tr-caption-container&quot; style=&quot;margin-left: auto; margin-right: auto; text-align: center;&quot;&gt;&lt;tbody&gt;&lt;tr&gt;&lt;td style=&quot;text-align: center;&quot;&gt;&lt;a href=&quot;https://1.bp.blogspot.com/-SLs2YDuQsgs/Xi7efEmNE7I/AAAAAAAABOY/kKXE4DWto0cH_5OOJb4p9H3y0x3tNvPzgCLcBGAsYHQ/s1600/Masign%2BAsuka%2BLight%2BMode.jpg&quot; imageanchor=&quot;1&quot; style=&quot;margin-left: auto; margin-right: auto;&quot;&gt;&lt;img alt=&quot;Template Blogger Untuk Penulis Terbaik dengan Tampilan Menarik&quot; border=&quot;0&quot; data-original-height=&quot;630&quot; data-original-width=&quot;900&quot; height=&quot;448&quot; src=&quot;https://1.bp.blogspot.com/-SLs2YDuQsgs/Xi7efEmNE7I/AAAAAAAABOY/kKXE4DWto0cH_5OOJb4p9H3y0x3tNvPzgCLcBGAsYHQ/s640/Masign%2BAsuka%2BLight%2BMode.jpg&quot; title=&quot;Template Blogger Untuk Penulis Terbaik dengan Tampilan Menarik&quot; width=&quot;640&quot; /&gt;&lt;/a&gt;&lt;/td&gt;&lt;/tr&gt;&lt;tr&gt;&lt;td class=&quot;tr-caption&quot; style=&quot;text-align: center;&quot;&gt;&lt;b&gt;Masign Asuka&lt;/b&gt;&lt;/td&gt;&lt;/tr&gt;&lt;/tbody&gt;&lt;/table&gt;&lt;div style=&quot;text-align: center;&quot;&gt;&lt;br /&gt;&lt;/div&gt;Etiam pellentesque sapien ut purus varius, eu placerat ex interdum. Vestibulum tempor ac justo ac hendrerit. Ut in dolor pulvinar, tincidunt odio eget, suscipit nibh. Suspendisse vitae tincidunt sapien, at hendrerit magna. Nulla et tortor vel tellus consectetur eleifend vel non diam. Proin ac libero ut mi finibus tincidunt. Maecenas accumsan lorem eget lacus aliquet, vel dapibus nibh elementum. Morbi id nunc vel risus varius pretium. Cras blandit sapien at magna maximus, sed feugiat risus feugiat.&lt;br /&gt;&lt;br /&gt;Curabitur aliquam ultricies feugiat. Pellentesque hendrerit pharetra enim, sit amet vehicula mauris. Nullam pretium leo non est varius, a hendrerit nibh ultrices. Sed nunc tortor, tempus id pulvinar a, elementum id metus. Duis mollis sem nec magna fringilla, sed luctus ex ultrices. Aliquam semper nibh ut odio suscipit iaculis non vel nibh. Aliquam a finibus ex. Aliquam faucibus, velit ac viverra aliquet, lorem leo pellentesque justo, sit amet tempus nisi velit sed mauris. Sed ultrices, arcu in tempus consequat, felis lectus laoreet odio, non luctus arcu nibh ut enim. Maecenas feugiat, tortor placerat ultrices tincidunt, quam sem finibus diam, quis tempus mauris nisi et elit. Nunc quis ligula auctor, blandit elit vel, molestie metus. Donec felis dolor, aliquam quis molestie luctus, rutrum vel eros. Mauris ac sapien erat. Duis sit amet risus dui. Nulla arcu libero, volutpat at lacinia mattis, consequat vel dui.&lt;br /&gt;&lt;br /&gt;Cras nec velit pretium, imperdiet libero pretium, ultricies sapien. Fusce semper, augue sed posuere facilisis, enim metus pretium dui, vitae venenatis nunc mi non ligula. Nulla volutpat ipsum eros, et commodo purus pellentesque in. Integer quis bibendum nunc. Mauris ultrices justo non ornare vehicula. Quisque tristique venenatis lectus sit amet tristique. Maecenas egestas volutpat sem eu viverra.</content><link rel='replies' type='application/atom+xml' href='https://blanterlanding.blogspot.com/feeds/2333495895407838807/comments/default' title='Posting Komentar'/><link rel='replies' type='text/html' href='https://blanterlanding.blogspot.com/2020/01/template-blogger-untuk-penulis-terbaik.html#comment-form' title='2 Komentar'/><link rel='edit' type='application/atom+xml' href='https://www.blogger.com/feeds/8847040826697857950/posts/default/2333495895407838807'/><link rel='self' type='application/atom+xml' href='https://www.blogger.com/feeds/8847040826697857950/posts/default/2333495895407838807'/><link rel='alternate' type='text/html' href='https://blanterlanding.blogspot.com/2020/01/template-blogger-untuk-penulis-terbaik.html' title='Template Blogger Untuk Penulis Terbaik dengan Tampilan Menarik'/><author><name>Rio Blanter</name><uri>http://www.blogger.com/profile/07716419316233571850</uri><email>noreply@blogger.com</email><gd:image rel='http://schemas.google.com/g/2005#thumbnail' width='32' height='32' src='//4.bp.blogspot.com/-bmIoyVjJz_k/XQt9ZmfsnbI/AAAAAAAAAqg/BB-oUqMhVvMiePCsP2xbDTUpBhGhU1WHgCK4BGAYYCw/s220/Yo%2BUser%2BVector.png'/></author><media:thumbnail xmlns:media="http://search.yahoo.com/mrss/" url="https://1.bp.blogspot.com/-B3J2YCy45-c/Xi7eH4ktxdI/AAAAAAAABOQ/pnBjegYaau0HKJRim3ChyQ8G2SP5PeFDQCLcBGAsYHQ/s72-c/samsung%2Bgalaxy%2Bs8%2Bplus.jpg" height="72" width="72"/><thr:total>2</thr:total></entry><entry><id>tag:blogger.com,1999:blog-8847040826697857950.post-55938913663631858</id><published>2020-01-26T15:01:00.000+07:00</published><updated>2020-01-29T15:01:12.023+07:00</updated><category scheme="http://www.blogger.com/atom/ns#" term="Hotel"/><category scheme="http://www.blogger.com/atom/ns#" term="Template"/><title type='text'>Cras augue ligula, faucibus et viverra</title><content type='html'>&lt;div class=&quot;separator&quot; style=&quot;clear: both; text-align: center;&quot;&gt;&lt;a href=&quot;https://1.bp.blogspot.com/-DWQkz3bJqh8/XjE7mzssnZI/AAAAAAAABRY/1pgqDOP2zBUQYdeiVsJ0FT3mUiJllHnCQCLcBGAsYHQ/s1600/Modern%2BBedroom.jpg&quot; imageanchor=&quot;1&quot; style=&quot;margin-left: 1em; margin-right: 1em;&quot;&gt;&lt;img alt=&quot;Cras augue ligula, faucibus et viverra&quot; border=&quot;0&quot; data-original-height=&quot;426&quot; data-original-width=&quot;640&quot; height=&quot;426&quot; src=&quot;https://1.bp.blogspot.com/-DWQkz3bJqh8/XjE7mzssnZI/AAAAAAAABRY/1pgqDOP2zBUQYdeiVsJ0FT3mUiJllHnCQCLcBGAsYHQ/s640/Modern%2BBedroom.jpg&quot; title=&quot;Cras augue ligula, faucibus et viverra&quot; width=&quot;640&quot; /&gt;&lt;/a&gt;&lt;/div&gt;&lt;div style=&quot;text-align: center;&quot;&gt;&lt;br /&gt;&lt;/div&gt;Lorem ipsum dolor sit amet, consectetur adipiscing elit. Aenean rutrum tortor quis posuere ultricies. Sed id convallis arcu, nec blandit lorem. Nunc at erat egestas turpis imperdiet congue. Proin vehicula turpis nunc, a dignissim lacus sodales in. Fusce at mauris quis massa bibendum egestas a in lectus. Duis lectus sem, mollis a diam nec, congue dapibus justo. Pellentesque non pellentesque erat, dignissim molestie turpis. Aenean viverra sem eget aliquam efficitur. Nam tempus ac velit vitae fringilla. Suspendisse eu ante nec ante euismod commodo at semper augue. Praesent at lectus id quam bibendum vulputate. Cras convallis mi eget sem pellentesque porta. Donec porta ultricies nisi, sed ullamcorper massa feugiat vitae. Sed id suscipit arcu, a tristique elit. Sed eleifend, metus volutpat consequat ultrices, nisl massa pellentesque orci, at elementum dolor erat ac metus. Integer molestie neque odio, ac vestibulum nunc tristique vel.&lt;br /&gt;&lt;br /&gt;&lt;blockquote class=&quot;tr_bq&quot;&gt;Cras augue ligula, faucibus et viverra ut, fringilla eu lorem. Nullam vitae imperdiet dolor. Proin nisi felis, luctus ut commodo in, aliquam vel magna. Aliquam quis elementum tellus. Duis aliquam sapien in quam congue, quis consequat est sollicitudin. Aliquam ullamcorper sit amet est id facilisis. Maecenas nec posuere odio, euismod viverra erat. In sit amet consequat urna.&lt;/blockquote&gt;&lt;br /&gt;Donec malesuada quam ac lacinia eleifend. Donec vehicula magna ac cursus eleifend. Nulla efficitur ultrices erat, in mattis erat sollicitudin non. Donec hendrerit blandit aliquam. Suspendisse semper eros non pellentesque ornare. Cras nunc erat, cursus congue tellus eu, tincidunt dignissim nisi. Ut vitae tincidunt libero, a rhoncus diam. Aenean ex felis, dictum in egestas bibendum, malesuada eget ante. Maecenas eu urna dolor. Nunc aliquet enim sed purus vulputate varius.&lt;br /&gt;&lt;br /&gt;Vivamus iaculis metus dolor, ac vehicula nunc gravida eu. Aenean ac nisi a risus iaculis varius. Donec dolor lorem, egestas vel pharetra in, accumsan vitae augue. Donec nunc felis, tempor in sollicitudin in, ornare at massa. Mauris mi sem, tristique nec ornare vel, dictum vel diam. Ut sed hendrerit quam. Vestibulum ante ipsum primis in faucibus orci luctus et ultrices posuere cubilia Curae; Nullam condimentum finibus tellus, nec fermentum metus efficitur quis. Morbi varius viverra dolor id dictum. Nunc tincidunt mauris id imperdiet auctor. Aenean elementum nec leo vitae finibus. Nullam et sem lorem.</content><link rel='replies' type='application/atom+xml' href='https://blanterlanding.blogspot.com/feeds/55938913663631858/comments/default' title='Posting Komentar'/><link rel='replies' type='text/html' href='https://blanterlanding.blogspot.com/2020/01/cras-augue-ligula-faucibus-et-viverra.html#comment-form' title='1 Komentar'/><link rel='edit' type='application/atom+xml' href='https://www.blogger.com/feeds/8847040826697857950/posts/default/55938913663631858'/><link rel='self' type='application/atom+xml' href='https://www.blogger.com/feeds/8847040826697857950/posts/default/55938913663631858'/><link rel='alternate' type='text/html' href='https://blanterlanding.blogspot.com/2020/01/cras-augue-ligula-faucibus-et-viverra.html' title='Cras augue ligula, faucibus et viverra'/><author><name>Rio Blanter</name><uri>http://www.blogger.com/profile/07716419316233571850</uri><email>noreply@blogger.com</email><gd:image rel='http://schemas.google.com/g/2005#thumbnail' width='32' height='32' src='//4.bp.blogspot.com/-bmIoyVjJz_k/XQt9ZmfsnbI/AAAAAAAAAqg/BB-oUqMhVvMiePCsP2xbDTUpBhGhU1WHgCK4BGAYYCw/s220/Yo%2BUser%2BVector.png'/></author><media:thumbnail xmlns:media="http://search.yahoo.com/mrss/" url="https://1.bp.blogspot.com/-DWQkz3bJqh8/XjE7mzssnZI/AAAAAAAABRY/1pgqDOP2zBUQYdeiVsJ0FT3mUiJllHnCQCLcBGAsYHQ/s72-c/Modern%2BBedroom.jpg" height="72" width="72"/><thr:total>1</thr:total></entry><entry><id>tag:blogger.com,1999:blog-8847040826697857950.post-757186777715483637</id><published>2020-01-26T14:59:00.000+07:00</published><updated>2020-01-29T14:59:37.765+07:00</updated><category scheme="http://www.blogger.com/atom/ns#" term="Template"/><category scheme="http://www.blogger.com/atom/ns#" term="Travel"/><title type='text'>Vivamus nec nisl vel libero auctor</title><content type='html'>&lt;div class=&quot;separator&quot; style=&quot;clear: both; text-align: center;&quot;&gt;&lt;a href=&quot;https://1.bp.blogspot.com/-O3Xw5fBHdUY/XjE7P-U3haI/AAAAAAAABRQ/vW6-21SbH7APq8yxsz8Nke0pK-qRUPAHwCLcBGAsYHQ/s1600/Raja%2BAmpat.png&quot; imageanchor=&quot;1&quot; style=&quot;margin-left: 1em; margin-right: 1em;&quot;&gt;&lt;img alt=&quot;Vivamus nec nisl vel libero auctor&quot; border=&quot;0&quot; data-original-height=&quot;520&quot; data-original-width=&quot;780&quot; height=&quot;426&quot; src=&quot;https://1.bp.blogspot.com/-O3Xw5fBHdUY/XjE7P-U3haI/AAAAAAAABRQ/vW6-21SbH7APq8yxsz8Nke0pK-qRUPAHwCLcBGAsYHQ/s640/Raja%2BAmpat.png&quot; title=&quot;Vivamus nec nisl vel libero auctor&quot; width=&quot;640&quot; /&gt;&lt;/a&gt;&lt;/div&gt;&lt;div style=&quot;text-align: center;&quot;&gt;&lt;br /&gt;&lt;/div&gt;Lorem ipsum dolor sit amet, consectetur adipiscing elit. Duis faucibus sapien nunc, eget cursus turpis dapibus sit amet. Sed non ex blandit, ultrices turpis vel, iaculis tortor. Class aptent taciti sociosqu ad litora torquent per conubia nostra, per inceptos himenaeos. Maecenas porta velit lacinia ex volutpat, nec interdum arcu cursus. Praesent non metus tincidunt, faucibus arcu quis, lacinia enim. Sed eu arcu quis velit viverra malesuada elementum vitae augue. Fusce consectetur augue sit amet est mollis, quis convallis ligula cursus. Nunc imperdiet facilisis ligula, vel viverra nisl faucibus in.&lt;br /&gt;&lt;br /&gt;Etiam vitae felis sed massa iaculis fringilla. Nam ornare, lectus sit amet gravida fringilla, urna ex blandit lectus, id tincidunt lorem sem mattis arcu. Nam quis augue eget ante faucibus finibus. Duis a augue eu velit feugiat faucibus. Maecenas interdum lectus a nibh dictum varius. Nam aliquam quam id turpis accumsan vulputate. Nunc blandit ut enim ac pretium. Etiam vel urna in lacus luctus interdum. Suspendisse nibh lorem, dapibus quis massa vel, blandit facilisis risus. Aliquam volutpat massa vitae nisl ornare, a fermentum mauris gravida. Vivamus id blandit libero. Praesent id vehicula leo. Duis nisl erat, commodo vitae elit ut, vulputate tincidunt velit. Etiam sagittis mauris purus, quis sodales arcu finibus id. Proin aliquam lacus tellus, eget vehicula augue dapibus ut.&lt;br /&gt;&lt;br /&gt;Vivamus nec nisl vel libero auctor egestas rutrum quis dui. Quisque eu mollis risus, non pellentesque erat. Pellentesque habitant morbi tristique senectus et netus et malesuada fames ac turpis egestas. Curabitur ullamcorper euismod tempus. Aliquam tincidunt, ante ut mattis commodo, quam ligula mattis lorem, vitae volutpat leo orci vitae tellus. Pellentesque habitant morbi tristique senectus et netus et malesuada fames ac turpis egestas. Aliquam vulputate faucibus ullamcorper. Etiam pulvinar quam quis metus auctor elementum. Praesent nec varius nunc, in feugiat diam. Duis id tellus sed arcu ornare varius vel eget leo. Vivamus dapibus scelerisque est eget ultricies. Integer at aliquam felis, sit amet pretium turpis. Maecenas in dolor ut felis laoreet laoreet. Donec blandit, mi vitae cursus aliquam, ex lorem suscipit diam, in ultrices metus tortor quis augue.&lt;br /&gt;&lt;br /&gt;Maecenas congue justo sit amet leo placerat, in semper sapien porta. Quisque fringilla aliquam dui quis fringilla. Nulla facilisi. Curabitur venenatis tellus ut quam imperdiet efficitur. Donec nec ante leo. Aliquam justo elit, porta vitae rutrum vitae, varius id turpis. Vestibulum vehicula purus sit amet est consectetur auctor. Phasellus nec eleifend enim. Donec vestibulum facilisis blandit.</content><link rel='replies' type='application/atom+xml' href='https://blanterlanding.blogspot.com/feeds/757186777715483637/comments/default' title='Posting Komentar'/><link rel='replies' type='text/html' href='https://blanterlanding.blogspot.com/2020/01/vivamus-nec-nisl-vel-libero-auctor.html#comment-form' title='0 Komentar'/><link rel='edit' type='application/atom+xml' href='https://www.blogger.com/feeds/8847040826697857950/posts/default/757186777715483637'/><link rel='self' type='application/atom+xml' href='https://www.blogger.com/feeds/8847040826697857950/posts/default/757186777715483637'/><link rel='alternate' type='text/html' href='https://blanterlanding.blogspot.com/2020/01/vivamus-nec-nisl-vel-libero-auctor.html' title='Vivamus nec nisl vel libero auctor'/><author><name>Rio Blanter</name><uri>http://www.blogger.com/profile/07716419316233571850</uri><email>noreply@blogger.com</email><gd:image rel='http://schemas.google.com/g/2005#thumbnail' width='32' height='32' src='//4.bp.blogspot.com/-bmIoyVjJz_k/XQt9ZmfsnbI/AAAAAAAAAqg/BB-oUqMhVvMiePCsP2xbDTUpBhGhU1WHgCK4BGAYYCw/s220/Yo%2BUser%2BVector.png'/></author><media:thumbnail xmlns:media="http://search.yahoo.com/mrss/" url="https://1.bp.blogspot.com/-O3Xw5fBHdUY/XjE7P-U3haI/AAAAAAAABRQ/vW6-21SbH7APq8yxsz8Nke0pK-qRUPAHwCLcBGAsYHQ/s72-c/Raja%2BAmpat.png" height="72" width="72"/><thr:total>0</thr:total></entry><entry><id>tag:blogger.com,1999:blog-8847040826697857950.post-1826648403662640152</id><published>2020-01-26T14:34:00.000+07:00</published><updated>2020-01-29T14:35:14.027+07:00</updated><category scheme="http://www.blogger.com/atom/ns#" term="Template"/><category scheme="http://www.blogger.com/atom/ns#" term="Travel"/><title type='text'>Mauris nisl sem, congue eget pharetra</title><content type='html'>&lt;div class=&quot;separator&quot; style=&quot;clear: both; text-align: center;&quot;&gt;&lt;a href=&quot;https://1.bp.blogspot.com/-20xnrIcqqC0/XjE1jXjNagI/AAAAAAAABQ0/ppyoOI4Q_-Y9LPlguJ_Jv21mWot4V4WTgCLcBGAsYHQ/s1600/White%2BPlane%2Bin%2BThe%2BSky.png&quot; imageanchor=&quot;1&quot; style=&quot;margin-left: 1em; margin-right: 1em;&quot;&gt;&lt;img alt=&quot;Mauris nisl sem, congue eget pharetra&quot; border=&quot;0&quot; data-original-height=&quot;532&quot; data-original-width=&quot;791&quot; height=&quot;430&quot; src=&quot;https://1.bp.blogspot.com/-20xnrIcqqC0/XjE1jXjNagI/AAAAAAAABQ0/ppyoOI4Q_-Y9LPlguJ_Jv21mWot4V4WTgCLcBGAsYHQ/s640/White%2BPlane%2Bin%2BThe%2BSky.png&quot; title=&quot;Mauris nisl sem, congue eget pharetra&quot; width=&quot;640&quot; /&gt;&lt;/a&gt;&lt;/div&gt;&lt;div style=&quot;text-align: center;&quot;&gt;&lt;br /&gt;&lt;/div&gt;Lorem ipsum dolor sit amet, consectetur adipiscing elit. Morbi sit amet rutrum nisl. Duis ante lorem, varius ut nulla quis, vestibulum viverra tellus. Praesent convallis tempus diam in pulvinar. Phasellus sit amet cursus dolor. Vivamus turpis ante, mattis ac mauris nec, aliquam maximus nunc. Proin quis feugiat tellus. Donec eleifend ex at ultrices congue. Maecenas at lacus feugiat, facilisis erat sed, ullamcorper nunc. Proin eu aliquam nisl, in posuere lacus. Aliquam orci lacus, tempus efficitur posuere eu, dapibus id lorem. Vivamus imperdiet scelerisque euismod.&lt;br /&gt;&lt;br /&gt;&lt;blockquote class=&quot;tr_bq&quot;&gt;Ut feugiat libero eu nunc hendrerit maximus. Mauris nisl sem, congue eget pharetra eget, viverra sodales risus. Interdum et malesuada fames ac ante ipsum primis in faucibus. Etiam et mi quis erat bibendum sagittis ac et turpis. Maecenas fringilla dictum odio ut cursus. Donec egestas quam eu massa maximus, sit amet ultricies elit sodales. Curabitur sed ligula eros. Vivamus non tempus eros, sit amet facilisis ex. Pellentesque viverra dolor enim, at volutpat diam aliquet ac. Duis aliquet lorem ut nisl imperdiet, eget tincidunt ex blandit.&lt;/blockquote&gt;&lt;br /&gt;Lorem ipsum dolor sit amet, consectetur adipiscing elit. Morbi nibh ligula, efficitur eu orci ut, fringilla vestibulum ipsum. Proin blandit mauris et dignissim dignissim. Duis quis lorem nulla. Nunc ultricies, risus in elementum pharetra, risus elit interdum metus, et cursus diam enim vitae nibh. Praesent luctus luctus blandit. Morbi porttitor tortor felis, in semper felis porta at. Duis mollis luctus nibh ut fermentum. Pellentesque tempus sodales dolor, quis convallis arcu vestibulum vel.&lt;br /&gt;&lt;br /&gt;Phasellus ultricies, odio eu dignissim ornare, risus ex blandit lorem, a maximus elit tellus ac lectus. Integer sed ligula nec orci tempus suscipit. Praesent et orci ac elit lacinia dapibus a nec neque. Aliquam non est volutpat dolor fermentum suscipit nec venenatis justo. Duis id commodo mi, vitae blandit ex. Nulla facilisi. Etiam bibendum lorem arcu, vel molestie nisl pellentesque et. Curabitur ac volutpat leo. Phasellus finibus, felis nec posuere vulputate, risus massa feugiat dolor, vel blandit velit quam at nunc. Maecenas mi nunc, suscipit ut est sit amet, auctor suscipit dui. Ut purus arcu, dapibus et sollicitudin et, hendrerit id lorem. Morbi dignissim, erat sit amet pellentesque iaculis, nisi nibh mollis magna, eu gravida dolor odio ut magna.</content><link rel='replies' type='application/atom+xml' href='https://blanterlanding.blogspot.com/feeds/1826648403662640152/comments/default' title='Posting Komentar'/><link rel='replies' type='text/html' href='https://blanterlanding.blogspot.com/2020/01/mauris-nisl-sem-congue-eget-pharetra.html#comment-form' title='1 Komentar'/><link rel='edit' type='application/atom+xml' href='https://www.blogger.com/feeds/8847040826697857950/posts/default/1826648403662640152'/><link rel='self' type='application/atom+xml' href='https://www.blogger.com/feeds/8847040826697857950/posts/default/1826648403662640152'/><link rel='alternate' type='text/html' href='https://blanterlanding.blogspot.com/2020/01/mauris-nisl-sem-congue-eget-pharetra.html' title='Mauris nisl sem, congue eget pharetra'/><author><name>Rio Blanter</name><uri>http://www.blogger.com/profile/07716419316233571850</uri><email>noreply@blogger.com</email><gd:image rel='http://schemas.google.com/g/2005#thumbnail' width='32' height='32' src='//4.bp.blogspot.com/-bmIoyVjJz_k/XQt9ZmfsnbI/AAAAAAAAAqg/BB-oUqMhVvMiePCsP2xbDTUpBhGhU1WHgCK4BGAYYCw/s220/Yo%2BUser%2BVector.png'/></author><media:thumbnail xmlns:media="http://search.yahoo.com/mrss/" url="https://1.bp.blogspot.com/-20xnrIcqqC0/XjE1jXjNagI/AAAAAAAABQ0/ppyoOI4Q_-Y9LPlguJ_Jv21mWot4V4WTgCLcBGAsYHQ/s72-c/White%2BPlane%2Bin%2BThe%2BSky.png" height="72" width="72"/><thr:total>1</thr:total></entry><entry><id>tag:blogger.com,1999:blog-8847040826697857950.post-9107187488669699641</id><published>2020-01-25T15:03:00.000+07:00</published><updated>2020-01-29T15:04:03.579+07:00</updated><category scheme="http://www.blogger.com/atom/ns#" term="Template"/><category scheme="http://www.blogger.com/atom/ns#" term="Travel"/><title type='text'>Quisque non laoreet nunc, ut semper urna</title><content type='html'>&lt;div class=&quot;separator&quot; style=&quot;clear: both; text-align: center;&quot;&gt;&lt;a href=&quot;https://1.bp.blogspot.com/-Lk5ddusSVYs/XjE8RGiS5-I/AAAAAAAABRo/XnF--Fk_PPs-IG2ZRNRZtQ_hRFaq6_QpQCLcBGAsYHQ/s1600/tree%2Bwith%2Bbeach.jpg&quot; imageanchor=&quot;1&quot; style=&quot;margin-left: 1em; margin-right: 1em;&quot;&gt;&lt;img alt=&quot;Quisque non laoreet nunc, ut semper urna&quot; border=&quot;0&quot; data-original-height=&quot;426&quot; data-original-width=&quot;640&quot; height=&quot;426&quot; src=&quot;https://1.bp.blogspot.com/-Lk5ddusSVYs/XjE8RGiS5-I/AAAAAAAABRo/XnF--Fk_PPs-IG2ZRNRZtQ_hRFaq6_QpQCLcBGAsYHQ/s640/tree%2Bwith%2Bbeach.jpg&quot; title=&quot;Quisque non laoreet nunc, ut semper urna&quot; width=&quot;640&quot; /&gt;&lt;/a&gt;&lt;/div&gt;&lt;div style=&quot;text-align: center;&quot;&gt;&lt;br /&gt;&lt;/div&gt;Lorem ipsum dolor sit amet, consectetur adipiscing elit. Sed rhoncus dolor quam, eu pulvinar arcu volutpat sed. Nam facilisis leo vitae odio viverra, vitae vulputate sem interdum. Nulla fringilla fringilla ex. Orci varius natoque penatibus et magnis dis parturient montes, nascetur ridiculus mus. Etiam hendrerit ligula ac lacinia dignissim. Donec eu luctus lorem. Mauris dignissim dignissim lacus, eu malesuada ante aliquet ac. Suspendisse sagittis, enim vel porttitor porta, mi mi pharetra ante, nec blandit ligula augue a odio. Proin ultricies eleifend mattis. Donec ornare feugiat dui, eget egestas odio pellentesque venenatis. Cras porta aliquam turpis sed consectetur. In vitae congue justo. Aliquam ut aliquet ligula. Donec aliquam tristique augue in vulputate. Aenean tempus pellentesque sem non fermentum. Donec in sollicitudin velit.&lt;br /&gt;&lt;br /&gt;&lt;blockquote class=&quot;tr_bq&quot;&gt;Nam sit amet consectetur mi. Quisque non laoreet nunc, ut semper urna. Integer hendrerit lectus a nulla tincidunt, non pretium turpis faucibus. Sed sollicitudin, enim non viverra pulvinar, ligula sapien convallis ante, at porttitor lorem urna in justo. Vestibulum eleifend eros porta lacus ultricies, eget tempus sapien molestie. Praesent varius varius est consectetur convallis. Phasellus tristique a ex nec posuere. Vivamus varius odio et leo scelerisque accumsan id scelerisque libero. Donec nec malesuada enim. Etiam ut porttitor mi. Vivamus eleifend gravida mauris sit amet ultricies. Mauris imperdiet nec massa sollicitudin feugiat. Donec sodales interdum orci ut convallis. Mauris cursus neque non ipsum accumsan suscipit.&lt;/blockquote&gt;&lt;br /&gt;Vivamus malesuada vehicula vehicula. Sed viverra ultricies nisl vitae luctus. Donec id lacinia eros, a euismod nisi. Maecenas tempus, tellus eu rutrum ultricies, nibh lectus iaculis dui, non egestas ligula odio vitae orci. Integer tempor at tellus id consectetur. Nunc id turpis eleifend, consectetur purus eget, tempor est. Ut sagittis bibendum nunc in egestas. Pellentesque laoreet feugiat gravida. In et elit nec quam egestas placerat vitae eget tellus. Morbi quis felis id leo pellentesque laoreet. Donec gravida, quam eget pellentesque molestie, felis tellus efficitur nunc, et iaculis tortor turpis vel tortor. Curabitur at neque tempor, volutpat lacus id, tempor urna. Cras nulla metus, sollicitudin finibus venenatis sit amet, tincidunt nec nunc. Donec commodo ornare arcu in aliquet. Maecenas et hendrerit erat. Integer porta volutpat lacinia.&lt;br /&gt;&lt;br /&gt;Duis ex erat, sagittis ut pulvinar vel, maximus nec velit. Sed blandit, risus quis porta tempus, eros felis tempor augue, eleifend varius arcu mauris ac augue. Donec rhoncus porta elementum. Nunc finibus felis arcu, non feugiat justo volutpat non. Donec gravida, justo nec placerat efficitur, sem ante porta augue, at euismod metus metus vitae justo. Morbi malesuada nisl nec nunc porta, non viverra mi porttitor. Integer a ultricies elit, ac mollis nibh. Morbi aliquam sagittis metus non pulvinar. Praesent vitae consectetur purus. Morbi tincidunt urna vel dolor imperdiet pharetra eget a dolor. Mauris sed porta dui, et condimentum tellus.</content><link rel='replies' type='application/atom+xml' href='https://blanterlanding.blogspot.com/feeds/9107187488669699641/comments/default' title='Posting Komentar'/><link rel='replies' type='text/html' href='https://blanterlanding.blogspot.com/2020/01/quisque-non-laoreet-nunc-ut-semper-urna.html#comment-form' title='1 Komentar'/><link rel='edit' type='application/atom+xml' href='https://www.blogger.com/feeds/8847040826697857950/posts/default/9107187488669699641'/><link rel='self' type='application/atom+xml' href='https://www.blogger.com/feeds/8847040826697857950/posts/default/9107187488669699641'/><link rel='alternate' type='text/html' href='https://blanterlanding.blogspot.com/2020/01/quisque-non-laoreet-nunc-ut-semper-urna.html' title='Quisque non laoreet nunc, ut semper urna'/><author><name>Rio Blanter</name><uri>http://www.blogger.com/profile/07716419316233571850</uri><email>noreply@blogger.com</email><gd:image rel='http://schemas.google.com/g/2005#thumbnail' width='32' height='32' src='//4.bp.blogspot.com/-bmIoyVjJz_k/XQt9ZmfsnbI/AAAAAAAAAqg/BB-oUqMhVvMiePCsP2xbDTUpBhGhU1WHgCK4BGAYYCw/s220/Yo%2BUser%2BVector.png'/></author><media:thumbnail xmlns:media="http://search.yahoo.com/mrss/" url="https://1.bp.blogspot.com/-Lk5ddusSVYs/XjE8RGiS5-I/AAAAAAAABRo/XnF--Fk_PPs-IG2ZRNRZtQ_hRFaq6_QpQCLcBGAsYHQ/s72-c/tree%2Bwith%2Bbeach.jpg" height="72" width="72"/><thr:total>1</thr:total></entry><entry><id>tag:blogger.com,1999:blog-8847040826697857950.post-978057580315670728</id><published>2020-01-25T15:02:00.000+07:00</published><updated>2020-01-29T15:02:22.160+07:00</updated><category scheme="http://www.blogger.com/atom/ns#" term="Hotel"/><category scheme="http://www.blogger.com/atom/ns#" term="Template"/><title type='text'>Class aptent taciti sociosqu ad litora</title><content type='html'>&lt;div class=&quot;separator&quot; style=&quot;clear: both; text-align: center;&quot;&gt;&lt;a href=&quot;https://1.bp.blogspot.com/-pEL6X8_in5U/XjE77P8gjoI/AAAAAAAABRg/YVu7Maa4NnsNnQNAhthGKjn9lB1ysdBuACLcBGAsYHQ/s1600/Modern%2BMaster%2BBedroom%2BIdeas.jpg&quot; imageanchor=&quot;1&quot; style=&quot;margin-left: 1em; margin-right: 1em;&quot;&gt;&lt;img alt=&quot;Class aptent taciti sociosqu ad litora&quot; border=&quot;0&quot; data-original-height=&quot;674&quot; data-original-width=&quot;1000&quot; height=&quot;430&quot; src=&quot;https://1.bp.blogspot.com/-pEL6X8_in5U/XjE77P8gjoI/AAAAAAAABRg/YVu7Maa4NnsNnQNAhthGKjn9lB1ysdBuACLcBGAsYHQ/s640/Modern%2BMaster%2BBedroom%2BIdeas.jpg&quot; title=&quot;Class aptent taciti sociosqu ad litora&quot; width=&quot;640&quot; /&gt;&lt;/a&gt;&lt;/div&gt;&lt;div style=&quot;text-align: center;&quot;&gt;&lt;br /&gt;&lt;/div&gt;Lorem ipsum dolor sit amet, consectetur adipiscing elit. Nullam rhoncus pretium libero, ac gravida turpis accumsan aliquam. Mauris aliquet enim lectus, a tincidunt quam iaculis ut. Phasellus quis tellus nulla. In venenatis turpis et malesuada gravida. Vestibulum aliquam in ex a porta. Morbi odio enim, commodo ut purus sed, auctor dignissim augue. Cras porta tristique rhoncus. Mauris semper eleifend neque vehicula varius. Donec luctus nulla eu volutpat faucibus. Donec quis auctor dolor. Nunc sem lacus, tristique in porta in, fermentum ac dui. Vivamus id libero mattis, semper ligula sed, pellentesque tellus. Aliquam erat volutpat. Nullam venenatis est sed augue ultricies, eget convallis risus condimentum. Etiam velit sapien, eleifend in consequat nec, sagittis eu mauris.&lt;br /&gt;&lt;br /&gt;Nulla non quam sit amet nisi tempus euismod. Sed laoreet velit lacus, a semper tellus venenatis ac. Sed massa ex, dapibus vitae est et, pulvinar viverra orci. Cras ut maximus lacus, id auctor tellus. Integer elementum diam quis eleifend pulvinar. Proin faucibus nisl at lacus imperdiet, a posuere felis hendrerit. Maecenas scelerisque orci at imperdiet tempus. Fusce tincidunt dui ex, at ultricies mauris eleifend mattis. Nam quis convallis diam, nec ultrices elit. Proin vitae mi mollis, iaculis odio blandit, elementum massa.&lt;br /&gt;&lt;br /&gt;&lt;blockquote class=&quot;tr_bq&quot;&gt;Class aptent taciti sociosqu ad litora torquent per conubia nostra, per inceptos himenaeos. Duis in venenatis massa. Nullam sollicitudin pellentesque fringilla. Nunc ultrices enim sit amet nibh mattis placerat. Cras venenatis id justo porta posuere. Nullam tristique pretium turpis, vitae vulputate eros luctus at. Interdum et malesuada fames ac ante ipsum primis in faucibus. Donec at gravida mi. In sagittis porttitor justo, eget volutpat nibh pharetra nec. Vestibulum porttitor posuere mattis. In hac habitasse platea dictumst.&lt;/blockquote&gt;&lt;br /&gt;Praesent congue orci id augue sollicitudin, at dignissim sapien commodo. Cras et ipsum eget enim fringilla malesuada. Suspendisse nec nibh sit amet metus vulputate egestas. Integer finibus quis massa ac condimentum. Maecenas egestas id urna vitae porta. Nullam placerat nisl viverra ex consequat, sed faucibus tortor convallis. Pellentesque lectus felis, blandit consequat lacus ac, cursus tincidunt velit. Duis congue nibh ut magna mollis, a sagittis dui dictum. Donec scelerisque turpis nec porttitor pulvinar. Pellentesque ac elit quis sem malesuada varius id faucibus mauris. Interdum et malesuada fames ac ante ipsum primis in faucibus. Etiam nisi enim, gravida eget aliquet quis, tempor vitae lectus. Sed vel egestas nibh. Nullam eu ex aliquet, ullamcorper urna nec, sagittis erat. Cras malesuada erat urna, ac condimentum sapien ultricies non. Nunc consectetur sem nisl, sit amet volutpat ante ultrices in.</content><link rel='replies' type='application/atom+xml' href='https://blanterlanding.blogspot.com/feeds/978057580315670728/comments/default' title='Posting Komentar'/><link rel='replies' type='text/html' href='https://blanterlanding.blogspot.com/2020/01/class-aptent-taciti-sociosqu-ad-litora.html#comment-form' title='0 Komentar'/><link rel='edit' type='application/atom+xml' href='https://www.blogger.com/feeds/8847040826697857950/posts/default/978057580315670728'/><link rel='self' type='application/atom+xml' href='https://www.blogger.com/feeds/8847040826697857950/posts/default/978057580315670728'/><link rel='alternate' type='text/html' href='https://blanterlanding.blogspot.com/2020/01/class-aptent-taciti-sociosqu-ad-litora.html' title='Class aptent taciti sociosqu ad litora'/><author><name>Rio Blanter</name><uri>http://www.blogger.com/profile/07716419316233571850</uri><email>noreply@blogger.com</email><gd:image rel='http://schemas.google.com/g/2005#thumbnail' width='32' height='32' src='//4.bp.blogspot.com/-bmIoyVjJz_k/XQt9ZmfsnbI/AAAAAAAAAqg/BB-oUqMhVvMiePCsP2xbDTUpBhGhU1WHgCK4BGAYYCw/s220/Yo%2BUser%2BVector.png'/></author><media:thumbnail xmlns:media="http://search.yahoo.com/mrss/" url="https://1.bp.blogspot.com/-pEL6X8_in5U/XjE77P8gjoI/AAAAAAAABRg/YVu7Maa4NnsNnQNAhthGKjn9lB1ysdBuACLcBGAsYHQ/s72-c/Modern%2BMaster%2BBedroom%2BIdeas.jpg" height="72" width="72"/><thr:total>0</thr:total></entry><entry><id>tag:blogger.com,1999:blog-8847040826697857950.post-296778989811335274</id><published>2020-01-25T10:30:00.000+07:00</published><updated>2020-01-29T15:05:59.868+07:00</updated><category scheme="http://www.blogger.com/atom/ns#" term="Template"/><title type='text'>Etiam vel lorem eget libero sagittis elementum</title><content type='html'>&lt;div class=&quot;separator&quot; style=&quot;clear: both; text-align: center;&quot;&gt;&lt;a href=&quot;https://1.bp.blogspot.com/-veso_D19f6s/XjE8lch4A9I/AAAAAAAABRw/V1jP4s4A9kcHqz1bai3GwpkolY1v-C7_QCLcBGAsYHQ/s1600/artist-studio.jpg&quot; imageanchor=&quot;1&quot; style=&quot;margin-left: 1em; margin-right: 1em;&quot;&gt;&lt;img alt=&quot;Etiam vel lorem eget libero sagittis elementum&quot; border=&quot;0&quot; data-original-height=&quot;768&quot; data-original-width=&quot;1024&quot; height=&quot;480&quot; src=&quot;https://1.bp.blogspot.com/-veso_D19f6s/XjE8lch4A9I/AAAAAAAABRw/V1jP4s4A9kcHqz1bai3GwpkolY1v-C7_QCLcBGAsYHQ/s640/artist-studio.jpg&quot; title=&quot;Etiam vel lorem eget libero sagittis elementum&quot; width=&quot;640&quot; /&gt;&lt;/a&gt;&lt;/div&gt;&lt;div style=&quot;text-align: center;&quot;&gt;&lt;br /&gt;&lt;/div&gt;Lorem ipsum dolor sit amet, consectetur adipiscing elit. Sed mollis erat nec enim placerat accumsan. Nulla mattis eros non scelerisque maximus. Nulla facilisi. Aenean nec est nibh. Phasellus at lorem libero. In vel porta ante. Integer velit nisl, aliquam in massa et, sollicitudin interdum tellus.&lt;br /&gt;&lt;br /&gt;Etiam vel lorem eget libero sagittis elementum ut commodo dolor. Donec id risus metus. Vivamus fermentum consequat nunc, vel lobortis neque pharetra vel. Curabitur eget ipsum euismod eros tempor porttitor. Quisque et feugiat magna. Nulla sagittis luctus libero, eget consectetur felis rhoncus sit amet. Aliquam a ante ante. Maecenas vestibulum ut justo vitae posuere. Integer ac mattis nulla. Praesent congue, nulla eget rutrum vestibulum, sem purus rutrum lacus, ac hendrerit odio tortor ut nunc. Morbi vestibulum libero vel eros varius, non blandit augue lacinia. Class aptent taciti sociosqu ad litora torquent per conubia nostra, per inceptos himenaeos. Suspendisse maximus rutrum nunc efficitur sodales.&lt;br /&gt;&lt;br /&gt;Maecenas sed euismod justo. Sed vel libero ut nisl venenatis rhoncus vel quis elit. Sed scelerisque eros in metus euismod euismod. Fusce libero ipsum, auctor sit amet condimentum et, suscipit sed sem. Ut vitae volutpat ipsum, ac rutrum erat. Nulla lobortis tempus dolor sagittis iaculis. Pellentesque habitant morbi tristique senectus et netus et malesuada fames ac turpis egestas. Pellentesque sit amet hendrerit dui, sed pretium elit. Maecenas risus nisi, finibus nec sem non, interdum elementum nulla. Vestibulum turpis nisl, posuere quis lacus ut, rutrum elementum risus. Proin faucibus, massa quis facilisis faucibus, odio risus consectetur est, eu feugiat nibh neque eget orci.&lt;br /&gt;&lt;br /&gt;Praesent dignissim nunc sed neque malesuada, eget porttitor ipsum elementum. Vestibulum faucibus mauris eu tortor sodales, at fringilla quam feugiat. Interdum et malesuada fames ac ante ipsum primis in faucibus. Aenean ultricies hendrerit sapien, ut mattis orci luctus eget. Aliquam ac dictum arcu, sed lobortis sapien. Praesent sit amet lectus est. Pellentesque suscipit sem orci, et sagittis purus egestas eu. Aenean cursus ac lacus et pharetra.</content><link rel='replies' type='application/atom+xml' href='https://blanterlanding.blogspot.com/feeds/296778989811335274/comments/default' title='Posting Komentar'/><link rel='replies' type='text/html' href='https://blanterlanding.blogspot.com/2020/01/etiam-vel-lorem-eget-libero-sagittis.html#comment-form' title='0 Komentar'/><link rel='edit' type='application/atom+xml' href='https://www.blogger.com/feeds/8847040826697857950/posts/default/296778989811335274'/><link rel='self' type='application/atom+xml' href='https://www.blogger.com/feeds/8847040826697857950/posts/default/296778989811335274'/><link rel='alternate' type='text/html' href='https://blanterlanding.blogspot.com/2020/01/etiam-vel-lorem-eget-libero-sagittis.html' title='Etiam vel lorem eget libero sagittis elementum'/><author><name>Rio Blanter</name><uri>http://www.blogger.com/profile/07716419316233571850</uri><email>noreply@blogger.com</email><gd:image rel='http://schemas.google.com/g/2005#thumbnail' width='32' height='32' src='//4.bp.blogspot.com/-bmIoyVjJz_k/XQt9ZmfsnbI/AAAAAAAAAqg/BB-oUqMhVvMiePCsP2xbDTUpBhGhU1WHgCK4BGAYYCw/s220/Yo%2BUser%2BVector.png'/></author><media:thumbnail xmlns:media="http://search.yahoo.com/mrss/" url="https://1.bp.blogspot.com/-veso_D19f6s/XjE8lch4A9I/AAAAAAAABRw/V1jP4s4A9kcHqz1bai3GwpkolY1v-C7_QCLcBGAsYHQ/s72-c/artist-studio.jpg" height="72" width="72"/><thr:total>0</thr:total></entry></feed>